GEO.id,Id
GEO.id2,Id2
GEO.display-label,Geography
HD01_VD01,Estimate; Total:
HD02_VD01,Margin of Error; Total:
HD01_VD02,Estimate; Income in the past 12 months below poverty level:
HD02_VD02,Margin of Error; Income in the past 12 months below poverty level:
HD01_VD03,Estimate; Income in the past 12 months below poverty level: - Male:
HD02_VD03,Margin of Error; Income in the past 12 months below poverty level: - Male:
HD01_VD04,Estimate; Income in the past 12 months below poverty level: - Male: - Less than high school graduate
HD02_VD04,Margin of Error; Income in the past 12 months below poverty level: - Male: - Less than high school graduate
HD01_VD05,Estimate; Income in the past 12 months below poverty level: - Male: - High school graduate (includes equivalency)
HD02_VD05,Margin of Error; Income in the past 12 months below poverty level: - Male: - High school graduate (includes equivalency)
HD01_VD06,"Estimate; Income in the past 12 months below poverty level: - Male: - Some college, associate's degree"
HD02_VD06,"Margin of Error; Income in the past 12 months below poverty level: - Male: - Some college, associate's degree"
HD01_VD07,Estimate; Income in the past 12 months below poverty level: - Male: - Bachelor's degree or higher
HD02_VD07,Margin of Error; Income in the past 12 months below poverty level: - Male: - Bachelor's degree or higher
HD01_VD08,Estimate; Income in the past 12 months below poverty level: - Female:
HD02_VD08,Margin of Error; Income in the past 12 months below poverty level: - Female:
HD01_VD09,Estimate; Income in the past 12 months below poverty level: - Female: - Less than high school graduate
HD02_VD09,Margin of Error; Income in the past 12 months below poverty level: - Female: - Less than high school graduate
HD01_VD10,Estimate; Income in the past 12 months below poverty level: - Female: - High school graduate (includes equivalency)
HD02_VD10,Margin of Error; Income in the past 12 months below poverty level: - Female: - High school graduate (includes equivalency)
HD01_VD11,"Estimate; Income in the past 12 months below poverty level: - Female: - Some college, associate's degree"
HD02_VD11,"Margin of Error; Income in the past 12 months below poverty level: - Female: - Some college, associate's degree"
HD01_VD12,Estimate; Income in the past 12 months below poverty level: - Female: - Bachelor's degree or higher
HD02_VD12,Margin of Error; Income in the past 12 months below poverty level: - Female: - Bachelor's degree or higher
HD01_VD13,Estimate; Income in the past 12 months at or above poverty level:
HD02_VD13,Margin of Error; Income in the past 12 months at or above poverty level:
HD01_VD14,Estimate; Income in the past 12 months at or above poverty level: - Male:
HD02_VD14,Margin of Error; Income in the past 12 months at or above poverty level: - Male:
HD01_VD15,Estimate; Income in the past 12 months at or above poverty level: - Male: - Less than high school graduate
HD02_VD15,Margin of Error; Income in the past 12 months at or above poverty level: - Male: - Less than high school graduate
HD01_VD16,Estimate; Income in the past 12 months at or above poverty level: - Male: - High school graduate (includes equivalency)
HD02_VD16,Margin of Error; Income in the past 12 months at or above poverty level: - Male: - High school graduate (includes equivalency)
HD01_VD17,"Estimate; Income in the past 12 months at or above poverty level: - Male: - Some college, associate's degree"
HD02_VD17,"Margin of Error; Income in the past 12 months at or above poverty level: - Male: - Some college, associate's degree"
HD01_VD18,Estimate; Income in the past 12 months at or above poverty level: - Male: - Bachelor's degree or higher
HD02_VD18,Margin of Error; Income in the past 12 months at or above poverty level: - Male: - Bachelor's degree or higher
HD01_VD19,Estimate; Income in the past 12 months at or above poverty level: - Female:
HD02_VD19,Margin of Error; Income in the past 12 months at or above poverty level: - Female:
HD01_VD20,Estimate; Income in the past 12 months at or above poverty level: - Female: - Less than high school graduate
HD02_VD20,Margin of Error; Income in the past 12 months at or above poverty level: - Female: - Less than high school graduate
HD01_VD21,Estimate; Income in the past 12 months at or above poverty level: - Female: - High school graduate (includes equivalency)
HD02_VD21,Margin of Error; Income in the past 12 months at or above poverty level: - Female: - High school graduate (includes equivalency)
HD01_VD22,"Estimate; Income in the past 12 months at or above poverty level: - Female: - Some college, associate's degree"
HD02_VD22,"Margin of Error; Income in the past 12 months at or above poverty level: - Female: - Some college, associate's degree"
HD01_VD23,Estimate; Income in the past 12 months at or above poverty level: - Female: - Bachelor's degree or higher
HD02_VD23,Margin of Error; Income in the past 12 months at or above poverty level: - Female: - Bachelor's degree or higher
